epoch,train_loss,val_loss,val_accuracy,val_macro_f1,val_weighted_f1,val_balanced_accuracy,lr
1,1.6776710241143542,1.6523149403456217,0.400431344356578,0.3274993879799535,0.35173930727065106,0.3982156096472304,0.001
2,1.4623276237302385,1.4637399980440833,0.5276779295470885,0.4633020550434379,0.4642818299352788,0.5509742958988146,0.001
3,1.2644994782555607,1.3184587894627553,0.5708123652048885,0.4988101965966965,0.5018736405535674,0.6013430053366822,0.001
4,1.075123745239454,1.161249435265059,0.5478073328540618,0.49146031670988943,0.5071448930827148,0.567814420268493,0.001
5,0.8912662001417992,1.077088277516478,0.5528396836808052,0.5093060860989924,0.5217527017604631,0.5741896025261767,0.001
6,0.734905292665474,1.0021015770738713,0.6509705248023006,0.6426404832346501,0.6295431701729353,0.6862228786722048,0.001
7,0.6139932324828311,0.9387495581577529,0.6506110711718188,0.6343947016615143,0.6232354794005122,0.6919482287923131,0.001
8,0.5170415393400004,0.8651042546324383,0.6768511861969806,0.6687758075572346,0.6583246713037844,0.714206090038554,0.001
9,0.45257043449852685,0.8054402893520276,0.696980589503954,0.6952789061126775,0.6898159891382063,0.7228622349488786,0.001
10,0.39088550192495625,0.8014417696479068,0.6786484543493889,0.6870010003480368,0.6884011000544625,0.7003590816251188,0.001
11,0.34301400094613543,0.7482439197283868,0.732566498921639,0.7327323640669315,0.735464161203884,0.7498927860265678,0.001
12,0.325787582422323,0.7260755572620696,0.7207045291157441,0.7267381880823839,0.7327109917740785,0.7372547085771767,0.001
13,0.2777691633045052,0.7098855794461659,0.7214234363767074,0.7304261025297584,0.7345137222927746,0.7416619763548296,0.001
14,0.26749010409266344,0.6758901835087818,0.7588066139468008,0.7622911933408689,0.7673195984679599,0.7723688741943443,0.001
15,0.24371823450936897,0.7176340423326197,0.7167505391804457,0.7329731858898313,0.738127487469306,0.7352040144211304,0.001
16,0.2342065887157971,0.6703496064366753,0.7365204888569374,0.748864077268743,0.7534075770232799,0.7556847157113218,0.001
17,0.22637219390187005,0.6290685709306099,0.7713874910136592,0.7734149853646496,0.7822752358448917,0.7830908275180706,0.001
18,0.21127500185274356,0.6167065832016709,0.771746944644141,0.7738501224220977,0.7806954918371817,0.779618280335059,0.001
19,0.2077198817684798,0.7367390434918517,0.7145938173975557,0.7306522778418456,0.7410194537707705,0.7237994669142255,0.001
20,0.1960889400659127,0.6554697992602841,0.7692307692307693,0.7730556830292047,0.7816774171517543,0.7813595378783708,0.001
21,0.18308667084406452,0.641774967452076,0.7455068296189792,0.7575682500812629,0.7640756704710467,0.7617259866578237,0.001
22,0.181698466796148,0.5914152206318743,0.7839683680805176,0.7873519363512883,0.7951794039776934,0.7910998639612336,0.001
23,0.18452505772525024,0.6548813830854908,0.7473040977713875,0.7596615546727116,0.7692069736798964,0.7564175132796569,0.001
24,0.16015070601252934,0.6712730328956155,0.7904385334291877,0.7928565793682315,0.8036688847305464,0.7958108743268801,0.001
25,0.17751279800512315,0.5983304150622153,0.8209920920201293,0.8164910321670825,0.8286295946873322,0.8222927346149042,0.001
26,0.1627477834986423,0.731116352322974,0.7627606038820992,0.7725962383428514,0.7835812820465194,0.7668379294424441,0.001
27,0.15694073786266727,0.7183975469800399,0.7631200575125808,0.7725295728499461,0.7825582225756496,0.7715449599424041,0.001
28,0.1606183406963532,0.7194306270241481,0.7411933860531992,0.7597169790757804,0.7710899527234572,0.7463581083375236,0.001
29,0.14734531293812808,0.6376619428974702,0.7886412652767792,0.7874626958985229,0.7996654049822536,0.7982111069484187,0.001
30,0.15072344635211063,0.6092363683269831,0.7753414809489576,0.7744534139094847,0.7864540408322622,0.7874158804843941,0.001
31,0.14941830437281686,0.6257560595945005,0.799784327821711,0.8009045535023865,0.8103823731840694,0.8044893134635865,0.001
32,0.1363862643196302,0.6726235516803202,0.7936736161035226,0.7972837258589341,0.8112787882424922,0.7927419159022518,0.0005
33,0.13768305691334393,0.6321100893635959,0.8048166786484543,0.8012144798102736,0.8146468842658497,0.8090638155703305,0.0005
34,0.13328507908128884,0.7014097959595906,0.7530553558590942,0.7669982932568242,0.7778528977833433,0.7598528891337559,0.0005
35,0.13959796682230563,0.6276140609377155,0.7969086987778576,0.7971976803809717,0.8083224675838864,0.8024292629612608,0.0005
36,0.1353020266021711,0.6898698416825767,0.7832494608195543,0.7925278641564105,0.8008995313265994,0.7917733380656835,0.0005
37,0.13363543142807166,0.6537357956963765,0.7940330697340043,0.7982558695136316,0.8089826861861095,0.799279618613531,0.0005
38,0.12869321521856966,0.6155858370445342,0.792235801581596,0.7956828396479034,0.8053272077896603,0.797651759813299,0.00025
39,0.13192419852357282,0.615946764765156,0.811646297627606,0.8089259230804706,0.8226328157351597,0.8126144678106243,0.00025
40,0.13378941436065667,0.6115714833943815,0.8238677210639828,0.8195689278408098,0.8329370445124832,0.8230645231036678,0.00025
41,0.1275425246261113,0.6671214701887689,0.7706685837526959,0.7799795567398853,0.7903379353636599,0.7783540234489056,0.00025
42,0.12531850880910977,0.6499332559571517,0.7918763479511143,0.7967694209485211,0.807887908267741,0.7974746264981268,0.00025
43,0.12422585750989286,0.6656365783243707,0.8170381020848311,0.8162625562877195,0.8288627529130524,0.8174861085113948,0.00025
44,0.12886048696402036,0.6619942633476641,0.8127246585190511,0.8121132083395066,0.8249262896407741,0.8142517573042519,0.00025
45,0.12093478421859571,0.6588490885594696,0.784687275341481,0.7908030082145229,0.8035026224365762,0.7872554914077363,0.00025
46,0.11615918784079814,0.6826753920569513,0.8058950395398994,0.8081600277224813,0.8198278303279489,0.8079597280718684,0.00025
47,0.12935513035347032,0.623233323492308,0.8098490294751977,0.8083324416990328,0.8213491807878387,0.8114282326358152,0.000125
48,0.12450134363478642,0.6319224232825164,0.8145219266714594,0.8138170898352742,0.8266884868357286,0.8158403229059271,0.000125
49,0.1252997887569638,0.6365709809585066,0.8048166786484543,0.8072852341797572,0.8192749351830423,0.8087354624807848,0.000125
50,0.1254759706082596,0.6536781545768617,0.8084112149532711,0.8072121092386936,0.8204438652101996,0.8089594446794403,0.000125
51,0.11816747341741264,0.7821273972540772,0.7286125089863408,0.7522090645668317,0.7616852988410027,0.7365980380221564,0.000125
52,0.12435211606496074,0.7446128961253218,0.7440690150970525,0.7641470889434321,0.7747341835526413,0.7497821878386878,0.000125
53,0.11997180160509659,0.6902223315108688,0.7501797268152408,0.7658514908135065,0.7760942290148192,0.7576122293340825,6.25e-05
54,0.11900723417237424,0.6530288177844349,0.7918763479511143,0.7972954175721977,0.8092257197512094,0.7961032186420168,6.25e-05
55,0.12219088389463995,0.6316089891941747,0.803019410496046,0.8046785338116761,0.8179601391044036,0.8046980194862462,6.25e-05
